B0,B0,B0,B0,B0,B0,B0,B0,B0,B0,B0,B0,B0,B0,B0,B0,B0,B0,B0,B0,B0,B0,B0,B0,B0,B0,B0,B0,B0,B0,B0,B0,B0,B0,B0,B0,B0,B0,B0,B0,B0,B0,B0,B0,B0,B0,B0,B0,B0,B0,B0,B0,B0,B0,B0,B0,B0,B0,B0,B0,B0,B0,B0,B0,B0,B0,B0,B0,B0,B0,B0,B0,B0,B0,B0,B0,B0,B0,B0,B0,B0,B0,B0,B0,B0,B0,B0,B0,B0,B0,B0,B0,B0,B0,B0,B0,B0,B0,B0,B0
B0,,,,,,,,,,,,,,,,,,,,,,,,,,,,,,,,,,,,,,,,,,,,,,,,,,,,,,,,,,,,,,,,,,,,,,,,,,,,,,,,,,,,,,,,,,,,,,,,,,,B0
B0,,,,,,,,,,,,,,,,,,,,,,,,,,,,,,,,,,,,,,,,,,,,,,,,,,,,,,,,,,,,,,,,,,,,,,,,,,,,,,,,,,,,,,,,,,,,,,,,,,,B0
B0,,,,,,,,,,,,,,,,,,,,,,,,,,,,,,,,,,,,,,,,,,,,,,,,,,,,,,,,,,,,,,,,,,,,,,,,,,,,,,,,,,,,,,,,,,,,,,,,,,,B0
B0,,,,,,,,,,,,,,,,,,,,,,,,,,,,,,,,,,,,,,,,,,,,,,,,,,,,,,,,,,,,,,,,,,,,,,,,,,,,,,,,,,,,,,,,,,,,,,,,,,,B0
B0,,,,,,,,,,,,,,,,,,,,,,,,,,,,,,,,,,,,,,,,,,,,,,,,,,,,,,,,,,,,,,,,,,,,,,,,,,,,,,,,,,,,,,,,,,,,,,,,,,,B0
B0,,,,,,,,,,,,,,,,,,,,,,,,,,,,,,,,,,,,,,,,,,,,,,,,,,,,,,,,,,,,,,,,,,,,,,,,,,,,,,,,,,,,,,,,,,,,,,,,,,,B0
B0,,,,,,,,,,,,,,,,,,,,,,,,,,,,,,,,,,,,,,,,,,,,,,,,,,,,,,,,,,,,,,,,,,,,,,,,,,,,,,,,,,,,,,,,,,,,,,,,,,,B0
B0,,,,,,,,,,,,,,,,,,,,,,,,,,,,,,,,,,,,,,,,,,,,,,,,,,,,,,,,,,,,,,,,,,,,,,,,,,,,,,,,,,,,,,,,,,,,,,,,,,,B0
B0,,,,,,,,,,,,,,,,,,,,,,,,,,,,,,,,,,,,,,,,,,,,,,,,,,,,,,,,,,,,,,,,,,,,,,,,,,,,,,,,,,,,,,,,,,,,,,,,,,,B0
B0,,,,,,,,,,,,,,,,,,,,,,,,,,,,,,,,,,,,,,,,,,,,,,,,,,,,,,,,,,,,,,,,,,,,,,,,,,,,,,,,,,,,,,,,,,B0,B0,B0,B0,B0,B0,B0,B0,,B0
B0,,,,,,,,,,,,,,,,,,,,,,,,,,,,,,,,,,,,,,,,,,,,,,,,,,,,,,,,,,,,,,,,,,B0,B0,B0,B0,B0,B0,B0,B0,,,,,,,,,,,,,,,,,,,,,,,,,,B0
B0,,,,,,,,,,,,,,,,,,,,,,,,,,,,,,,,,,,,,,,,B0,B0,B0,B0,B0,B0,B0,B0,,,,,,,,,,,,,,,,,,,,,,,,,,,,,,,,,,,,,,,,,,,,,,,,,,,,B0
B0,,,,,,,,,,,,,,,,B0,B0,B0,B0,B0,B0,B0,B0,,,,,,,,,,,,,,,,,,,,,,,,,B0,,,,,,,,,,,,,,,,,,,,,,,,,,,,,,,,,,,,,,,,,,,,,,,,,,,B0
B0,,,,,,,,,,,,,,,,,,,,,,,,,,,,,,,,,,,,,,,,,,,,,,,,B0,,,,,,,,,,,,,,,,,,,,,,,,,,,,,,B0,B0,B0,B0,B0,B0,B0,B0,B0,B0,,,,,,,,,,,,B0
B0,,,,B0,B0,B0,B0,B0,B0,B0,B0,B0,,,,,,,,,,,,,,,,,,,,,,,,,,,,,,,,,,,,B0,,,,,B0,B0,B0,B0,B0,B0,B0,B0,B0,,,,,,,,,,,,,,,,,,,,,,,,,,B0,,,,,,,,,,,,B0
B0,,,P0,,,,,,,,,B0,,,,,,,,,,,,,,,,B0,B0,B0,B0,B0,B0,B0,B0,B0,,,,,,,,,,,,B0,,,,,,,,,,,,,,,,,,,,,,,,,,,,,,,,,,,,,,,B0,,,,,,,,,,,,B0
B0,,,,,,,,,,,,B0,,,,,,,,,,,,,,,,,,,,,,,,,,,,,,,,,,,,B0,,,,,,,,,,,,,,,,,,,,,,,,,,,,,,,,,,,,,,,B0,,,,,,,,,,,,B0
B0,,,,,,,,,,,,,,,,,,,,,,,,,,,,E0,,,,,E0,,,,,,,,,,,,E1,,,,E1,,,,,,,,E2,,,,,E2,,,,,,,,,,,,,,,,,,,,,,,,,,,,,B0,B0,B0,B0,B0,B0,B0,B0,,B0
B0,B0,B0,B0,B0,B0,B0,B0,B0,B0,B0,B0,B0,B0,B0,B0,B0,B0,B0,B0,B0,B0,B0,B0,B0,B0,B0,B0,B0,B0,B0,B0,B0,B0,B0,B0,B0,B0,B0,B0,B0,B0,B0,B0,B0,B0,B0,B0,B0,B0,B0,B0,B0,B0,B0,B0,B0,B0,B0,B0,B0,B0,B0,B0,B0,B0,B0,B0,B0,B0,B0,B0,B0,B0,B0,B0,B0,B0,B0,B0,B0,B0,B0,B0,B0,B0,B0,B0,B0,B0,B0,B0,B0,B0,B0,B0,B0,B0,B0,B0
